component,feature,loading
1,categorical__ca_0.0,0.15194474402897512
1,categorical__ca_1.0,-0.051654230873189114
1,categorical__ca_2.0,-0.05782335986038885
1,categorical__ca_3.0,-0.0424671532953971
1,categorical__cp_1.0,-0.004252547769492686
1,categorical__cp_2.0,0.08902127359079201
1,categorical__cp_3.0,0.07315759967564786
1,categorical__cp_4.0,-0.15792632549694718
1,categorical__exang_0.0,0.15139204935278605
1,categorical__exang_1.0,-0.15139204935278605
1,categorical__fbs_0.0,0.024002098362427088
1,categorical__fbs_1.0,-0.024002098362427088
1,categorical__restecg_0.0,0.0915859413883524
1,categorical__restecg_1.0,-0.011735983722346655
1,categorical__restecg_2.0,-0.07984995766600571
1,categorical__sex_0.0,0.021239239110436715
1,categorical__sex_1.0,-0.0212392391104367
1,categorical__slope_1.0,0.19909754084400402
1,categorical__slope_2.0,-0.1660982943129004
1,categorical__slope_3.0,-0.03299924653110367
1,categorical__thal_3.0,0.1623128225423799
1,categorical__thal_6.0,-0.025922978607924835
1,categorical__thal_7.0,-0.13638984393445505
1,numeric__age,-0.4419329314894646
1,numeric__chol,-0.16235685515373313
1,numeric__oldpeak,-0.46367240214634015
1,numeric__thalach,0.49591009704014144
1,numeric__trestbps,-0.26748140473926635
2,categorical__ca_0.0,0.007822936918862797
2,categorical__ca_1.0,-0.025915846697343405
2,categorical__ca_2.0,0.013820457153735314
2,categorical__ca_3.0,0.004272452624745388
2,categorical__cp_1.0,0.015333595964105419
2,categorical__cp_2.0,0.03863808478856955
2,categorical__cp_3.0,0.04851202266935837
2,categorical__cp_4.0,-0.10248370342203342
2,categorical__exang_0.0,0.11078824754687798
2,categorical__exang_1.0,-0.11078824754687806
2,categorical__fbs_0.0,-0.0429216522277999
2,categorical__fbs_1.0,0.0429216522277999
2,categorical__restecg_0.0,-0.08976739359764885
2,categorical__restecg_1.0,-0.00016459429419934693
2,categorical__restecg_2.0,0.08993198789184813
2,categorical__sex_0.0,0.16244525067418045
2,categorical__sex_1.0,-0.16244525067418045
2,categorical__slope_1.0,0.12511690959030966
2,categorical__slope_2.0,-0.10700080492883429
2,categorical__slope_3.0,-0.018116104661475393
2,categorical__thal_3.0,0.11840472719239425
2,categorical__thal_6.0,-0.025193488667843662
2,categorical__thal_7.0,-0.09321123852455061
2,numeric__age,0.32691706331000736
2,numeric__chol,0.6078761749369015
2,numeric__oldpeak,-0.2233554457306099
2,numeric__thalach,0.28922869083622155
2,numeric__trestbps,0.47604057567316993
3,categorical__ca_0.0,0.0842031249692854
3,categorical__ca_1.0,-0.09156805134340866
3,categorical__ca_2.0,0.011973184318268233
3,categorical__ca_3.0,-0.004608257944145094
3,categorical__cp_1.0,0.06211585400662732
3,categorical__cp_2.0,-0.007763013951644111
3,categorical__cp_3.0,0.008007766325852815
3,categorical__cp_4.0,-0.06236060638083602
3,categorical__exang_0.0,0.03300804410251946
3,categorical__exang_1.0,-0.03300804410251968
3,categorical__fbs_0.0,-0.057828810919622546
3,categorical__fbs_1.0,0.057828810919622504
3,categorical__restecg_0.0,0.004248147805291315
3,categorical__restecg_1.0,0.0006823391548785995
3,categorical__restecg_2.0,-0.004930486960169941
3,categorical__sex_0.0,-0.09059450025899418
3,categorical__sex_1.0,0.09059450025899421
3,categorical__slope_1.0,-0.00372701622388571
3,categorical__slope_2.0,-0.06373202998742783
3,categorical__slope_3.0,0.0674590462113135
3,categorical__thal_3.0,-0.07750082468998827
3,categorical__thal_6.0,0.02202223113616489
3,categorical__thal_7.0,0.05547859355382338
3,numeric__age,-0.17864105947916728
3,numeric__chol,-0.4704888529452184
3,numeric__oldpeak,0.2882841638791978
3,numeric__thalach,0.3039210805414616
3,numeric__trestbps,0.7100846275740287
4,categorical__ca_0.0,-0.060405086108034065
4,categorical__ca_1.0,0.07508531274295543
4,categorical__ca_2.0,-0.006959383242419002
4,categorical__ca_3.0,-0.007720843392502486
4,categorical__cp_1.0,0.004175023208129427
4,categorical__cp_2.0,0.023728149309580553
4,categorical__cp_3.0,0.0639167384531157
4,categorical__cp_4.0,-0.09181991097082554
4,categorical__exang_0.0,0.10555729593131838
4,categorical__exang_1.0,-0.1055572959313183
4,categorical__fbs_0.0,-0.04254874533412527
4,categorical__fbs_1.0,0.042548745334125275
4,categorical__restecg_0.0,0.0699321911475327
4,categorical__restecg_1.0,-0.002328636141787422
4,categorical__restecg_2.0,-0.06760355500574525
4,categorical__sex_0.0,0.0496602987824934
4,categorical__sex_1.0,-0.04966029878249336
4,categorical__slope_1.0,0.09319980828350637
4,categorical__slope_2.0,-0.04808186801447988
4,categorical__slope_3.0,-0.045117940269026546
4,categorical__thal_3.0,0.11078313091838315
4,categorical__thal_6.0,0.017985963607444345
4,categorical__thal_7.0,-0.12876909452582758
4,numeric__age,0.5511764213069892
4,numeric__chol,-0.5465810546679246
4,numeric__oldpeak,-0.4481502965660196
4,numeric__thalach,-0.2838496618053358
4,numeric__trestbps,0.10505970909398453
5,categorical__ca_0.0,0.07562631292688443
5,categorical__ca_1.0,-0.10413793793493226
5,categorical__ca_2.0,0.022061961666038566
5,categorical__ca_3.0,0.006449663342009439
5,categorical__cp_1.0,0.027414160138917225
5,categorical__cp_2.0,-0.0008635709913815211
5,categorical__cp_3.0,0.1860299918689822
5,categorical__cp_4.0,-0.2125805810165182
5,categorical__exang_0.0,0.24819456639163504
5,categorical__exang_1.0,-0.248194566391635
5,categorical__fbs_0.0,0.04577833449625867
5,categorical__fbs_1.0,-0.04577833449625865
5,categorical__restecg_0.0,0.07590643934239512
5,categorical__restecg_1.0,0.02118124829167559
5,categorical__restecg_2.0,-0.09708768763407076
5,categorical__sex_0.0,0.28941088628008793
5,categorical__sex_1.0,-0.28941088628008815
5,categorical__slope_1.0,-0.11474149065628456
5,categorical__slope_2.0,0.03782322057254298
5,categorical__slope_3.0,0.07691827008374161
5,categorical__thal_3.0,0.2736663902183092
5,categorical__thal_6.0,-0.015098781224796512
5,categorical__thal_7.0,-0.2585676089935126
5,numeric__age,0.1863726093133842
5,numeric__chol,-0.0922244205052363
5,numeric__oldpeak,0.5662256010353439
5,numeric__thalach,0.10669551967455641
5,numeric__trestbps,-0.23256170902417778
6,categorical__ca_0.0,-0.25735110164833397
6,categorical__ca_1.0,0.12000220379549434
6,categorical__ca_2.0,0.10733605395760945
6,categorical__ca_3.0,0.0300128438952305
6,categorical__cp_1.0,0.03413672528871864
6,categorical__cp_2.0,0.005917178137204567
6,categorical__cp_3.0,0.004973865279599857
6,categorical__cp_4.0,-0.045027768705523094
6,categorical__exang_0.0,0.09276837192683186
6,categorical__exang_1.0,-0.09276837192683182
6,categorical__fbs_0.0,-0.05747186632345029
6,categorical__fbs_1.0,0.05747186632345022
6,categorical__restecg_0.0,-0.022932768091048016
6,categorical__restecg_1.0,-0.01409115017062514
6,categorical__restecg_2.0,0.037023918261673214
6,categorical__sex_0.0,-0.3197268611495685
6,categorical__sex_1.0,0.3197268611495685
6,categorical__slope_1.0,0.1428131202943704
6,categorical__slope_2.0,-0.164249943439028
6,categorical__slope_3.0,0.02143682314465742
6,categorical__thal_3.0,-0.2096483791147858
6,categorical__thal_6.0,-0.0062188803737494094
6,categorical__thal_7.0,0.21586725948853527
6,numeric__age,0.43692493420652784
6,numeric__chol,-0.029521219432043156
6,numeric__oldpeak,0.17250017593816563
6,numeric__thalach,0.4729973478635444
6,numeric__trestbps,-0.299417943873711
7,categorical__ca_0.0,-0.018431695678999462
7,categorical__ca_1.0,0.01867257527382948
7,categorical__ca_2.0,-0.011110928671525617
7,categorical__ca_3.0,0.010870049076695547
7,categorical__cp_1.0,0.03174001749537662
7,categorical__cp_2.0,-0.022417596224912455
7,categorical__cp_3.0,-0.021283409267496736
7,categorical__cp_4.0,0.011960987997032447
7,categorical__exang_0.0,0.029820178905225862
7,categorical__exang_1.0,-0.029820178905225817
7,categorical__fbs_0.0,-0.027565472768272186
7,categorical__fbs_1.0,0.027565472768272068
7,categorical__restecg_0.0,-0.6669946673901173
7,categorical__restecg_1.0,-0.003628581231146608
7,categorical__restecg_2.0,0.6706232486212641
7,categorical__sex_0.0,-0.007954746072390724
7,categorical__sex_1.0,0.007954746072390662
7,categorical__slope_1.0,-0.0729877780216343
7,categorical__slope_2.0,0.06380591098020505
7,categorical__slope_3.0,0.009181867041429315
7,categorical__thal_3.0,0.14802342225807946
7,categorical__thal_6.0,0.022578745876917633
7,categorical__thal_7.0,-0.17060216813499704
7,numeric__age,-0.03971252209209484
7,numeric__chol,-0.16287092481341267
7,numeric__oldpeak,-0.01932017016753192
7,numeric__thalach,0.03649694021942468
7,numeric__trestbps,-0.08994862748522033
8,categorical__ca_0.0,-0.10689513818290425
8,categorical__ca_1.0,-0.00920118326951697
8,categorical__ca_2.0,0.16093455750376456
8,categorical__ca_3.0,-0.04483823605134325
8,categorical__cp_1.0,-0.05012634356385043
8,categorical__cp_2.0,-0.016018204647802983
8,categorical__cp_3.0,-0.35330510451768865
8,categorical__cp_4.0,0.4194496527293418
8,categorical__exang_0.0,-0.3500979606461221
8,categorical__exang_1.0,0.3500979606461222
8,categorical__fbs_0.0,0.08731388871258382
8,categorical__fbs_1.0,-0.0873138887125838
8,categorical__restecg_0.0,0.020100815095140053
8,categorical__restecg_1.0,0.007059648499817009
8,categorical__restecg_2.0,-0.02716046359495714
8,categorical__sex_0.0,0.27256304839095796
8,categorical__sex_1.0,-0.27256304839095813
8,categorical__slope_1.0,0.18639919651166562
8,categorical__slope_2.0,-0.19535336088371624
8,categorical__slope_3.0,0.008954164372050528
8,categorical__thal_3.0,0.14665348600529418
8,categorical__thal_6.0,-0.029120569713059073
8,categorical__thal_7.0,-0.11753291629223517
8,numeric__age,0.13699113381007877
8,numeric__chol,-0.16838556626275392
8,numeric__oldpeak,0.06617073408760091
8,numeric__thalach,0.2894287593012334
8,numeric__trestbps,-0.04964247560416289
9,categorical__ca_0.0,0.026494690281501216
9,categorical__ca_1.0,-0.02909172819184397
9,categorical__ca_2.0,0.03167237351484015
9,categorical__ca_3.0,-0.029075335604497203
9,categorical__cp_1.0,0.007162059725091802
9,categorical__cp_2.0,-0.025379459508079478
9,categorical__cp_3.0,-0.025010111764001357
9,categorical__cp_4.0,0.04322751154698909
9,categorical__exang_0.0,-0.010570113670043376
9,categorical__exang_1.0,0.010570113670043403
9,categorical__fbs_0.0,0.02418117788722514
9,categorical__fbs_1.0,-0.02418117788722524
9,categorical__restecg_0.0,0.025219315057021813
9,categorical__restecg_1.0,-0.006308106847838569
9,categorical__restecg_2.0,-0.018911208209183253
9,categorical__sex_0.0,0.17663250648674808
9,categorical__sex_1.0,-0.17663250648674814
9,categorical__slope_1.0,-0.48729467282276484
9,categorical__slope_2.0,0.6037149552817334
9,categorical__slope_3.0,-0.1164202824589683
9,categorical__thal_3.0,-0.21991617047956907
9,categorical__thal_6.0,-0.0009618750208863779
9,categorical__thal_7.0,0.2208780455004553
9,numeric__age,0.1292386625087247
9,numeric__chol,-0.096105041191834
9,numeric__oldpeak,-0.22499721908988513
9,numeric__thalach,0.37195640572340205
9,numeric__trestbps,-0.03228625066001231
10,categorical__ca_0.0,-0.40428661975480923
10,categorical__ca_1.0,0.3770303045643447
10,categorical__ca_2.0,0.027985512439712642
10,categorical__ca_3.0,-0.0007291972492480492
10,categorical__cp_1.0,-0.04812539881916857
10,categorical__cp_2.0,-0.16914684296754498
10,categorical__cp_3.0,0.4244312604870952
10,categorical__cp_4.0,-0.2071590187003815
10,categorical__exang_0.0,-0.24165234684256084
10,categorical__exang_1.0,0.24165234684256098
10,categorical__fbs_0.0,-0.3518551870023513
10,categorical__fbs_1.0,0.3518551870023509
10,categorical__restecg_0.0,0.033182614466444986
10,categorical__restecg_1.0,-0.0031366263914021754
10,categorical__restecg_2.0,-0.030045988075042666
10,categorical__sex_0.0,0.12725925347173472
10,categorical__sex_1.0,-0.12725925347173478
10,categorical__slope_1.0,-0.01857387103514956
10,categorical__slope_2.0,0.028777255769939256
10,categorical__slope_3.0,-0.010203384734789742
10,categorical__thal_3.0,0.07035491381314059
10,categorical__thal_6.0,-0.010247602769093509
10,categorical__thal_7.0,-0.06010731104404712
10,numeric__age,-0.16141636228541098
10,numeric__chol,-0.016186504273939327
10,numeric__oldpeak,0.01017185434259711
10,numeric__thalach,0.06666967137361919
10,numeric__trestbps,0.004838897563905944
11,categorical__ca_0.0,0.5237826784345072
11,categorical__ca_1.0,-0.4215477866493531
11,categorical__ca_2.0,-0.06462290784540481
11,categorical__ca_3.0,-0.03761198393974981
11,categorical__cp_1.0,0.04144894833984913
11,categorical__cp_2.0,-0.06084340923602482
11,categorical__cp_3.0,0.11293283500756458
11,categorical__cp_4.0,-0.09353837411138842
11,categorical__exang_0.0,-0.30071370337311365
11,categorical__exang_1.0,0.30071370337311376
11,categorical__fbs_0.0,-0.2964234457355739
11,categorical__fbs_1.0,0.29642344573557383
11,categorical__restecg_0.0,0.022077169999742702
11,categorical__restecg_1.0,-0.007062610797997997
11,categorical__restecg_2.0,-0.015014559201744602
11,categorical__sex_0.0,-0.15427466807207563
11,categorical__sex_1.0,0.1542746680720757
11,categorical__slope_1.0,-0.07836370510574871
11,categorical__slope_2.0,-0.001413531690507222
11,categorical__slope_3.0,0.07977723679625585
11,categorical__thal_3.0,0.09392538644277483
11,categorical__thal_6.0,0.02728497614224644
11,categorical__thal_7.0,-0.12121036258502116
11,numeric__age,0.22743765737266694
11,numeric__chol,0.029350022986126982
11,numeric__oldpeak,-0.016602528850866233
11,numeric__thalach,0.0711832726275257
11,numeric__trestbps,-0.12562747626828158
12,categorical__ca_0.0,-0.014260591536680094
12,categorical__ca_1.0,0.2645503858344844
12,categorical__ca_2.0,-0.18786351278357646
12,categorical__ca_3.0,-0.06242628151422774
12,categorical__cp_1.0,0.040647492061915536
12,categorical__cp_2.0,0.058338707439081684
12,categorical__cp_3.0,0.1287435607709519
12,categorical__cp_4.0,-0.22772976027194905
12,categorical__exang_0.0,-0.24946258564812315
12,categorical__exang_1.0,0.24946258564812282
12,categorical__fbs_0.0,0.4076381363955679
12,categorical__fbs_1.0,-0.40763813639556773
12,categorical__restecg_0.0,0.04291680249964239
12,categorical__restecg_1.0,0.005297666002703145
12,categorical__restecg_2.0,-0.048214468502345606
12,categorical__sex_0.0,-0.2476122628121451
12,categorical__sex_1.0,0.24761226281214488
12,categorical__slope_1.0,-0.1153582314689992
12,categorical__slope_2.0,0.16585266293593395
12,categorical__slope_3.0,-0.050494431466934886
12,categorical__thal_3.0,0.2787144302339578
12,categorical__thal_6.0,-0.0013421453679251143
12,categorical__thal_7.0,-0.27737228486603227
12,numeric__age,0.09840888298478678
12,numeric__chol,0.03254039891082141
12,numeric__oldpeak,0.021057911872554055
12,numeric__thalach,0.12256392169245366
12,numeric__trestbps,0.09652857201003873
13,categorical__ca_0.0,0.24031280634087526
13,categorical__ca_1.0,-0.019856539610203845
13,categorical__ca_2.0,-0.18602789135680378
13,categorical__ca_3.0,-0.03442837537386787
13,categorical__cp_1.0,-0.07742629420989049
13,categorical__cp_2.0,-0.2668384652746996
13,categorical__cp_3.0,0.4446602048602683
13,categorical__cp_4.0,-0.10039544537567825
13,categorical__exang_0.0,-0.11467163818260394
13,categorical__exang_1.0,0.11467163818260412
13,categorical__fbs_0.0,0.25744707457550847
13,categorical__fbs_1.0,-0.25744707457550836
13,categorical__restecg_0.0,-0.12536988235266122
13,categorical__restecg_1.0,0.006767546019354866
13,categorical__restecg_2.0,0.11860233633330655
13,categorical__sex_0.0,0.1963744635199742
13,categorical__sex_1.0,-0.19637446351997417
13,categorical__slope_1.0,0.19679766859702832
13,categorical__slope_2.0,-0.22435447175734655
13,categorical__slope_3.0,0.027556803160318215
13,categorical__thal_3.0,-0.2745150804572496
13,categorical__thal_6.0,-0.12669031648856305
13,categorical__thal_7.0,0.4012053969458124
13,numeric__age,0.07873065531446408
13,numeric__chol,-0.07335886643755334
13,numeric__oldpeak,-0.0002952024029261462
13,numeric__thalach,-0.012450145682947129
13,numeric__trestbps,-0.036301547615325974
14,categorical__ca_0.0,0.04620483910977222
14,categorical__ca_1.0,0.11949799896024073
14,categorical__ca_2.0,-0.10162575366196923
14,categorical__ca_3.0,-0.06407708440804347
14,categorical__cp_1.0,0.07964743536698009
14,categorical__cp_2.0,0.6824435907927512
14,categorical__cp_3.0,-0.27239067108353676
14,categorical__cp_4.0,-0.48970035507619475
14,categorical__exang_0.0,-0.143713696590483
14,categorical__exang_1.0,0.14371369659048314
14,categorical__fbs_0.0,-0.05116002338588247
14,categorical__fbs_1.0,0.051160023385882485
14,categorical__restecg_0.0,-0.05565299749817348
14,categorical__restecg_1.0,-7.208675074249952e-07
14,categorical__restecg_2.0,0.055653718365680824
14,categorical__sex_0.0,0.1497529757582615
14,categorical__sex_1.0,-0.1497529757582616
14,categorical__slope_1.0,0.0033632798347112123
14,categorical__slope_2.0,-0.08926781649865759
14,categorical__slope_3.0,0.08590453666394647
14,categorical__thal_3.0,-0.15325575214688458
14,categorical__thal_6.0,-0.03613883478634872
14,categorical__thal_7.0,0.18939458693323333
14,numeric__age,0.01361497786724
14,numeric__chol,-0.03034675254163965
14,numeric__oldpeak,0.05697130232589968
14,numeric__thalach,-0.05307177072924661
14,numeric__trestbps,-0.04790836627635802
15,categorical__ca_0.0,-0.24759766964225677
15,categorical__ca_1.0,-0.4782234538905354
15,categorical__ca_2.0,0.6726015151516882
15,categorical__ca_3.0,0.05321960838110403
15,categorical__cp_1.0,0.0298643540763493
15,categorical__cp_2.0,0.08136941650191676
15,categorical__cp_3.0,0.17081491822559133
15,categorical__cp_4.0,-0.2820486888038572
15,categorical__exang_0.0,-0.09929616682141898
15,categorical__exang_1.0,0.09929616682141912
15,categorical__fbs_0.0,0.14217744533680796
15,categorical__fbs_1.0,-0.14217744533680793
15,categorical__restecg_0.0,-0.01799636300714309
15,categorical__restecg_1.0,-0.02566078718287571
15,categorical__restecg_2.0,0.043657150190018805
15,categorical__sex_0.0,-0.022555098584780074
15,categorical__sex_1.0,0.02255509858477983
15,categorical__slope_1.0,0.11746013916324659
15,categorical__slope_2.0,0.08176056911776178
15,categorical__slope_3.0,-0.19922070828100844
15,categorical__thal_3.0,-0.01370137264133513
15,categorical__thal_6.0,0.0036573476067556327
15,categorical__thal_7.0,0.01004402503457971
15,numeric__age,-0.06612541949911016
15,numeric__chol,-0.005525359820882816
15,numeric__oldpeak,-0.04743830758076975
15,numeric__thalach,-0.08442451635438626
15,numeric__trestbps,0.014930700050908402
16,categorical__ca_0.0,0.0894144759825549
16,categorical__ca_1.0,0.15881356637981076
16,categorical__ca_2.0,0.1675338569013736
16,categorical__ca_3.0,-0.41576189926373913
16,categorical__cp_1.0,0.7396357503305863
16,categorical__cp_2.0,-0.36341896855394706
16,categorical__cp_3.0,-0.21184364258217275
16,categorical__cp_4.0,-0.16437313919446683
16,categorical__exang_0.0,0.013025390543940252
16,categorical__exang_1.0,-0.013025390543940458
16,categorical__fbs_0.0,-0.002953654421523181
16,categorical__fbs_1.0,0.0029536544215235157
16,categorical__restecg_0.0,0.0257948005746576
16,categorical__restecg_1.0,-0.02911665468884958
16,categorical__restecg_2.0,0.003321854114191596
16,categorical__sex_0.0,0.03138906911783335
16,categorical__sex_1.0,-0.03138906911783371
16,categorical__slope_1.0,0.02975816828735073
16,categorical__slope_2.0,-0.02464865955162683
16,categorical__slope_3.0,-0.005109508735723905
16,categorical__thal_3.0,0.0004345026098113402
16,categorical__thal_6.0,-0.04406964141003596
16,categorical__thal_7.0,0.0436351388002246
16,numeric__age,-0.026584189932678894
16,numeric__chol,0.029431337963736558
16,numeric__oldpeak,-0.020100024866688833
16,numeric__thalach,-0.05199386931401713
16,numeric__trestbps,-0.03049173680098628
17,categorical__ca_0.0,-0.01929179988933078
17,categorical__ca_1.0,0.02541467128812521
17,categorical__ca_2.0,0.12363547705697626
17,categorical__ca_3.0,-0.12975834845577044
17,categorical__cp_1.0,-0.037438126225222766
17,categorical__cp_2.0,-0.019981556174088307
17,categorical__cp_3.0,0.07847437329410462
17,categorical__cp_4.0,-0.02105469089479352
17,categorical__exang_0.0,-0.011882203330113566
17,categorical__exang_1.0,0.011882203330113757
17,categorical__fbs_0.0,0.08356264430118629
17,categorical__fbs_1.0,-0.08356264430118654
17,categorical__restecg_0.0,-0.01649930426497872
17,categorical__restecg_1.0,0.036224354693686796
17,categorical__restecg_2.0,-0.019725050428708178
17,categorical__sex_0.0,0.0442796888752286
17,categorical__sex_1.0,-0.04427968887522865
17,categorical__slope_1.0,-0.1914581621725923
17,categorical__slope_2.0,-0.19421648924815216
17,categorical__slope_3.0,0.3856746514207443
17,categorical__thal_3.0,-0.38735232687918625
17,categorical__thal_6.0,0.6834377330441825
17,categorical__thal_7.0,-0.29608540616499623
17,numeric__age,-0.0033881588559653312
17,numeric__chol,0.03157349013309178
17,numeric__oldpeak,-0.09243248195918784
17,numeric__thalach,0.022411641248857254
17,numeric__trestbps,-0.01851257417108579
18,categorical__ca_0.0,-0.1966011787881064
18,categorical__ca_1.0,-0.19617765062660605
18,categorical__ca_2.0,-0.3306198035475719
18,categorical__ca_3.0,0.7233986329622846
18,categorical__cp_1.0,0.41376693640313594
18,categorical__cp_2.0,-0.15872290716719314
18,categorical__cp_3.0,-0.12641372874644155
18,categorical__cp_4.0,-0.128630300489501
18,categorical__exang_0.0,-0.06124479071991435
18,categorical__exang_1.0,0.061244790719914864
18,categorical__fbs_0.0,0.02908088839643237
18,categorical__fbs_1.0,-0.029080888396432334
18,categorical__restecg_0.0,0.001547662571731
18,categorical__restecg_1.0,0.03603062483658817
18,categorical__restecg_2.0,-0.03757828740831898
18,categorical__sex_0.0,0.060949013297080974
18,categorical__sex_1.0,-0.06094901329708116
18,categorical__slope_1.0,0.04506960723527885
18,categorical__slope_2.0,-0.010058129617359315
18,categorical__slope_3.0,-0.035011477617919506
18,categorical__thal_3.0,-0.0901950392733224
18,categorical__thal_6.0,0.15260740349074747
18,categorical__thal_7.0,-0.06241236421742496
18,numeric__age,-0.01159592025317994
18,numeric__chol,-0.011352670565838182
18,numeric__oldpeak,-0.03566356840473034
18,numeric__thalach,0.029949240972602705
18,numeric__trestbps,-0.02965812635469481
19,categorical__ca_0.0,-0.15963053449821152
19,categorical__ca_1.0,-0.09235211096721471
19,categorical__ca_2.0,0.12351671827633519
19,categorical__ca_3.0,0.12846592718909106
19,categorical__cp_1.0,0.04039744010980457
19,categorical__cp_2.0,-0.03977915512143921
19,categorical__cp_3.0,0.004384763715404134
19,categorical__cp_4.0,-0.00500304870376934
19,categorical__exang_0.0,-0.004189421261286465
19,categorical__exang_1.0,0.0041894212612862405
19,categorical__fbs_0.0,0.05629806675303059
19,categorical__fbs_1.0,-0.05629806675303059
19,categorical__restecg_0.0,0.027348018226726643
19,categorical__restecg_1.0,-0.025085582810665922
19,categorical__restecg_2.0,-0.0022624354160603725
19,categorical__sex_0.0,-0.033102580320234436
19,categorical__sex_1.0,0.03310258032023448
19,categorical__slope_1.0,-0.4238857521546299
19,categorical__slope_2.0,-0.2331587794839552
19,categorical__slope_3.0,0.6570445316385856
19,categorical__thal_3.0,0.21994461581210714
19,categorical__thal_6.0,-0.3872692857862501
19,categorical__thal_7.0,0.1673246699741432
19,numeric__age,-0.018038218610733372
19,numeric__chol,0.003820838316074559
19,numeric__oldpeak,-0.1682187425529056
19,numeric__thalach,-0.012541025232241897
19,numeric__trestbps,0.011298023868002252
20,categorical__ca_0.0,-0.002310768127400187
20,categorical__ca_1.0,-0.004188769372701419
20,categorical__ca_2.0,0.04172823921986891
20,categorical__ca_3.0,-0.03522870171976733
20,categorical__cp_1.0,0.012975374547140197
20,categorical__cp_2.0,-0.0017549987106763954
20,categorical__cp_3.0,-0.0026158662884038456
20,categorical__cp_4.0,-0.008604509548060212
20,categorical__exang_0.0,0.00019738103425964132
20,categorical__exang_1.0,-0.00019738103425969399
20,categorical__fbs_0.0,-0.010243563986024554
20,categorical__fbs_1.0,0.010243563986024272
20,categorical__restecg_0.0,-0.41090791739318955
20,categorical__restecg_1.0,0.812953552917479
20,categorical__restecg_2.0,-0.40204563552428907
20,categorical__sex_0.0,-0.01971032191688863
20,categorical__sex_1.0,0.019710321916888623
20,categorical__slope_1.0,-0.0005028824953902032
20,categorical__slope_2.0,0.004818270192205557
20,categorical__slope_3.0,-0.004315387696815372
20,categorical__thal_3.0,0.01884985536503544
20,categorical__thal_6.0,-0.0490836036608041
20,categorical__thal_7.0,0.03023374829576837
20,numeric__age,-0.00510617583577015
20,numeric__chol,-0.0008257324075570229
20,numeric__oldpeak,-0.02438256405542245
20,numeric__thalach,0.005044357978302671
20,numeric__trestbps,-0.002944009467067133
21,categorical__ca_0.0,0.04866683032087854
21,categorical__ca_1.0,0.04866683032087841
21,categorical__ca_2.0,0.0486668303208784
21,categorical__ca_3.0,0.048666830320878325
21,categorical__cp_1.0,-0.1347422093990452
21,categorical__cp_2.0,-0.13474220939904522
21,categorical__cp_3.0,-0.1347422093990451
21,categorical__cp_4.0,-0.134742209399045
21,categorical__exang_0.0,-0.00277932686059616
21,categorical__exang_1.0,-0.002779326860596161
21,categorical__fbs_0.0,0.05598040187596483
21,categorical__fbs_1.0,0.05598040187596488
21,categorical__restecg_0.0,0.24094210893920986
21,categorical__restecg_1.0,0.2409421089392098
21,categorical__restecg_2.0,0.2409421089392097
21,categorical__sex_0.0,-0.08263206425721806
21,categorical__sex_1.0,-0.08263206425721825
21,categorical__slope_1.0,0.012634574409596169
21,categorical__slope_2.0,0.012634574409596089
21,categorical__slope_3.0,0.012634574409596094
21,categorical__thal_3.0,0.4910284897873613
21,categorical__thal_6.0,0.4910284897873616
21,categorical__thal_7.0,0.4910284897873615
21,numeric__age,0.0
21,numeric__chol,-1.7744346207928183e-17
21,numeric__oldpeak,-8.974742940732295e-17
21,numeric__thalach,-4.0659176429827695e-17
21,numeric__trestbps,5.4895206872262236e-17
22,categorical__ca_0.0,0.07004142667066733
22,categorical__ca_1.0,0.07004142667066729
22,categorical__ca_2.0,0.07004142667066737
22,categorical__ca_3.0,0.07004142667066739
22,categorical__cp_1.0,0.007094121795210977
22,categorical__cp_2.0,0.00709412179521108
22,categorical__cp_3.0,0.0070941217952110265
22,categorical__cp_4.0,0.007094121795210951
22,categorical__exang_0.0,-0.18439118703268684
22,categorical__exang_1.0,-0.1843911870326869
22,categorical__fbs_0.0,0.020309634759347436
22,categorical__fbs_1.0,0.020309634759347394
22,categorical__restecg_0.0,0.482542928551978
22,categorical__restecg_1.0,0.48254292855197767
22,categorical__restecg_2.0,0.48254292855197795
22,categorical__sex_0.0,-0.07648011085526273
22,categorical__sex_1.0,-0.07648011085526271
22,categorical__slope_1.0,-0.05583446230722678
22,categorical__slope_2.0,-0.055834462307226725
22,categorical__slope_3.0,-0.055834462307226794
22,categorical__thal_3.0,-0.2528216734920552
22,categorical__thal_6.0,-0.2528216734920552
22,categorical__thal_7.0,-0.2528216734920552
22,numeric__age,0.0
22,numeric__chol,5.363875930850319e-17
22,numeric__oldpeak,1.3828931788278668e-17
22,numeric__thalach,-3.525127803547574e-17
22,numeric__trestbps,4.990473352023839e-18
23,categorical__ca_0.0,0.040182448035855294
23,categorical__ca_1.0,0.040182448035855224
23,categorical__ca_2.0,0.040182448035855335
23,categorical__ca_3.0,0.04018244803585519
23,categorical__cp_1.0,-0.13473821626464816
23,categorical__cp_2.0,-0.13473821626464833
23,categorical__cp_3.0,-0.13473821626464802
23,categorical__cp_4.0,-0.13473821626464802
23,categorical__exang_0.0,-0.2539667646683582
23,categorical__exang_1.0,-0.2539667646683581
23,categorical__fbs_0.0,-0.04534384892731115
23,categorical__fbs_1.0,-0.04534384892731104
23,categorical__restecg_0.0,-0.028498374322947044
23,categorical__restecg_1.0,-0.028498374322947162
23,categorical__restecg_2.0,-0.028498374322947034
23,categorical__sex_0.0,0.049317250230987576
23,categorical__sex_1.0,0.04931725023098771
23,categorical__slope_1.0,0.5080203842558504
23,categorical__slope_2.0,0.50802038425585
23,categorical__slope_3.0,0.5080203842558502
23,categorical__thal_3.0,-0.0456748821969849
23,categorical__thal_6.0,-0.04567488219698496
23,categorical__thal_7.0,-0.04567488219698493
23,numeric__age,4.819527196083107e-17
23,numeric__chol,-4.7959757547351716e-17
23,numeric__oldpeak,8.986035057129317e-18
23,numeric__thalach,1.0390563521837433e-17
23,numeric__trestbps,-3.6886779097504446e-17
24,categorical__ca_0.0,0.14835567684267842
24,categorical__ca_1.0,0.14835567684267853
24,categorical__ca_2.0,0.1483556768426785
24,categorical__ca_3.0,0.14835567684267834
24,categorical__cp_1.0,-0.057700775138243385
24,categorical__cp_2.0,-0.05770077513824346
24,categorical__cp_3.0,-0.05770077513824337
24,categorical__cp_4.0,-0.05770077513824337
24,categorical__exang_0.0,-0.4174240483014403
24,categorical__exang_1.0,-0.4174240483014403
24,categorical__fbs_0.0,-0.13733192769453395
24,categorical__fbs_1.0,-0.13733192769453406
24,categorical__restecg_0.0,-0.0789494429880044
24,categorical__restecg_1.0,-0.07894944298800434
24,categorical__restecg_2.0,-0.07894944298800423
24,categorical__sex_0.0,0.4191867674095747
24,categorical__sex_1.0,0.41918676740957495
24,categorical__slope_1.0,-0.20956561730980924
24,categorical__slope_2.0,-0.2095656173098092
24,categorical__slope_3.0,-0.2095656173098093
24,categorical__thal_3.0,0.059306229005102774
24,categorical__thal_6.0,0.0593062290051026
24,categorical__thal_7.0,0.05930622900510273
24,numeric__age,-0.0
24,numeric__chol,1.014597664783773e-16
24,numeric__oldpeak,-8.418964457899141e-17
24,numeric__thalach,-8.597179000698843e-17
24,numeric__trestbps,-1.5033800972971817e-16
25,categorical__ca_0.0,-0.18511501442289063
25,categorical__ca_1.0,-0.1851150144228906
25,categorical__ca_2.0,-0.1851150144228905
25,categorical__ca_3.0,-0.18511501442289047
25,categorical__cp_1.0,-0.3142148899939829
25,categorical__cp_2.0,-0.3142148899939829
25,categorical__cp_3.0,-0.3142148899939827
25,categorical__cp_4.0,-0.3142148899939828
25,categorical__exang_0.0,-0.19455235592994263
25,categorical__exang_1.0,-0.19455235592994274
25,categorical__fbs_0.0,0.3484911573646194
25,categorical__fbs_1.0,0.34849115736461983
25,categorical__restecg_0.0,-0.09349471047127253
25,categorical__restecg_1.0,-0.09349471047127261
25,categorical__restecg_2.0,-0.09349471047127264
25,categorical__sex_0.0,-0.14768982067477063
25,categorical__sex_1.0,-0.14768982067477052
25,categorical__slope_1.0,-0.13901031763101016
25,categorical__slope_2.0,-0.13901031763101004
25,categorical__slope_3.0,-0.13901031763100993
25,categorical__thal_3.0,-0.08483782824276623
25,categorical__thal_6.0,-0.08483782824276635
25,categorical__thal_7.0,-0.08483782824276619
25,numeric__age,0.0
25,numeric__chol,-1.1559230194448643e-17
25,numeric__oldpeak,-4.225262689212147e-17
25,numeric__thalach,2.1003576736383117e-17
25,numeric__trestbps,-3.493331346416688e-17
26,categorical__ca_0.0,-0.14142443415647796
26,categorical__ca_1.0,-0.1414244341564777
26,categorical__ca_2.0,-0.1414244341564778
26,categorical__ca_3.0,-0.14142443415647804
26,categorical__cp_1.0,0.2591626589866479
26,categorical__cp_2.0,0.2591626589866481
26,categorical__cp_3.0,0.25916265898664775
26,categorical__cp_4.0,0.2591626589866479
26,categorical__exang_0.0,-0.12268951708995811
26,categorical__exang_1.0,-0.12268951708995816
26,categorical__fbs_0.0,0.4638382781815757
26,categorical__fbs_1.0,0.4638382781815759
26,categorical__restecg_0.0,0.05667877947730273
26,categorical__restecg_1.0,0.056678779477302973
26,categorical__restecg_2.0,0.05667877947730261
26,categorical__sex_0.0,0.26546782724587203
26,categorical__sex_1.0,0.26546782724587215
26,categorical__slope_1.0,0.08624397008246472
26,categorical__slope_2.0,0.08624397008246475
26,categorical__slope_3.0,0.08624397008246469
26,categorical__thal_3.0,0.07754610834932625
26,categorical__thal_6.0,0.07754610834932649
26,categorical__thal_7.0,0.07754610834932636
26,numeric__age,-0.0
26,numeric__chol,1.264413744283685e-16
26,numeric__oldpeak,3.7918234615465e-18
26,numeric__thalach,7.260405215198778e-17
26,numeric__trestbps,-9.731423036446487e-17
27,categorical__ca_0.0,0.2585693088602976
27,categorical__ca_1.0,0.25856930886029733
27,categorical__ca_2.0,0.2585693088602975
27,categorical__ca_3.0,0.2585693088602975
27,categorical__cp_1.0,-0.1647744828572073
27,categorical__cp_2.0,-0.16477448285720747
27,categorical__cp_3.0,-0.1647744828572075
27,categorical__cp_4.0,-0.16477448285720758
27,categorical__exang_0.0,0.36610542249693123
27,categorical__exang_1.0,0.36610542249693145
27,categorical__fbs_0.0,0.29100333020520075
27,categorical__fbs_1.0,0.29100333020520114
27,categorical__restecg_0.0,0.021248467747361974
27,categorical__restecg_1.0,0.02124846774736193
27,categorical__restecg_2.0,0.021248467747361877
27,categorical__sex_0.0,0.2789778136228701
27,categorical__sex_1.0,0.27897781362287033
27,categorical__slope_1.0,0.0283830976702129
27,categorical__slope_2.0,0.028383097670213027
27,categorical__slope_3.0,0.028383097670213006
27,categorical__thal_3.0,-0.0950514918026853
27,categorical__thal_6.0,-0.09505149180268527
27,categorical__thal_7.0,-0.09505149180268545
27,numeric__age,0.0
27,numeric__chol,2.3929608733716673e-17
27,numeric__oldpeak,-2.4419605459253466e-17
27,numeric__thalach,-4.320557688183748e-17
27,numeric__trestbps,3.9923786816190715e-17
28,categorical__ca_0.0,-0.31300986497088906
28,categorical__ca_1.0,-0.3130098649708888
28,categorical__ca_2.0,-0.31300986497088884
28,categorical__ca_3.0,-0.31300986497088906
28,categorical__cp_1.0,-0.1313907643659364
28,categorical__cp_2.0,-0.13139076436593658
28,categorical__cp_3.0,-0.13139076436593677
28,categorical__cp_4.0,-0.13139076436593666
28,categorical__exang_0.0,0.20078270504973236
28,categorical__exang_1.0,0.20078270504973236
28,categorical__fbs_0.0,-0.23294337741951301
28,categorical__fbs_1.0,-0.23294337741951335
28,categorical__restecg_0.0,0.1515986193202912
28,categorical__restecg_1.0,0.1515986193202911
28,categorical__restecg_2.0,0.1515986193202913
28,categorical__sex_0.0,0.37290605590568765
28,categorical__sex_1.0,0.37290605590568776
28,categorical__slope_1.0,0.02205139195074105
28,categorical__slope_2.0,0.022051391950741073
28,categorical__slope_3.0,0.022051391950741073
28,categorical__thal_3.0,-0.021365654346364962
28,categorical__thal_6.0,-0.021365654346364785
28,categorical__thal_7.0,-0.021365654346365025
28,numeric__age,-0.0
28,numeric__chol,8.108549548591725e-17
28,numeric__oldpeak,3.4871728116333226e-17
28,numeric__thalach,1.1007364298520414e-16
28,numeric__trestbps,-3.586902721767135e-17
